{
    "paths": {
        "abRBteTClJwqj8SJ2maQtm": [
            "common/prefabs/MaskView",
            "cc.Prefab"
        ],
        "3ek05YatVGAI49sd/zVsqa": [
            "common/prefabs/ProcessLoading",
            "cc.Prefab"
        ],
        "01F8PluC9CjYxoV/YByYuI": [
            "common/prefabs/single_color",
            "cc.SpriteFrame",
            1
        ],
        "d2eRya6PdMNIlEj6t3EAvF": [
            "common/prefabs/single_color",
            "cc.Texture2D"
        ],
        "29Jp/p5ZBO4JUsZ0atiB2o": [
            "common/textures/UILoading/uiloading",
            "cc.SpriteFrame",
            1
        ],
        "3b9SAN8sVLubUO1d4PBQet": [
            "common/textures/UILoading/uiloading",
            "cc.Texture2D"
        ],
        "072i/DIm9Gcr3Q0TA5hQ0A": [
            "common/textures/UILoading/uiloading_bg",
            "cc.Texture2D"
        ],
        "4egDd+CC5ISIaxbk2kdIPD": [
            "common/textures/UILoading/uiloading_bg",
            "cc.SpriteFrame",
            1
        ],
        "d340ZGkNJI47F7rUYURXq9": [
            "images/HelloWorld",
            "cc.Texture2D"
        ],
        "e5ydSpSyVAwpEqw1GABu1H": [
            "images/HelloWorld",
            "cc.SpriteFrame",
            1
        ],
        "fa82toQAZPpZX83sbM3T8f": [
            "images/background",
            "cc.Texture2D"
        ],
        "fflcg1umJDxYPdMSsa51z+": [
            "images/background",
            "cc.SpriteFrame",
            1
        ],
        "98EgSKEvVEarAsf5VbaFKl": [
            "prefabs/BootModule",
            "cc.Prefab"
        ],
        "93LqGq7oVAo68oEDy2GDA7": [
            "prefabs/LobbyModule",
            "cc.Prefab"
        ],
        "363usbm65HhYAwFLK7TA9p": [
            "prefabs/LoginModule",
            "cc.Prefab"
        ],
        "0dO4T35JRGVo3vh58e3ARI": [
            "textures/btn_back",
            "cc.SpriteFrame",
            1
        ],
        "99deoHnqBC04WMQz07bsgh": [
            "textures/btn_back",
            "cc.Texture2D"
        ],
        "38vxNdU4BBtqUirkU118qt": [
            "textures/btnbg",
            "cc.Texture2D"
        ],
        "782/AFtD5HM6+pfGh7RCj1": [
            "textures/btnbg",
            "cc.SpriteFrame",
            1
        ],
        "4eCWabLAZMearYLzFdwuct": [
            "textures/hall",
            "cc.SpriteAtlas"
        ],
        "a6VApOmkhNiIxa2iZDf+dR": [
            "textures/hall",
            "cc.Texture2D"
        ],
        "30Flt+wsxCVrehED41EIVA": [
            "textures/login",
            "cc.SpriteAtlas"
        ],
        "43aQwOWeRKyKFoqQIYxONP": [
            "textures/login",
            "cc.Texture2D"
        ]
    },
    "uuids": [
        "01F8PluC9CjYxoV/YByYuI",
        "072i/DIm9Gcr3Q0TA5hQ0A",
        "0bxCTZA+FGu5hQC2vNHQNv",
        "0dO4T35JRGVo3vh58e3ARI",
        "0fFWLGAedNArWj1Q7GH2qA",
        "0fiRVE5eNE4L2nXby8RXa9",
        "21lFimFcVDIrYD1reEM0aI",
        "24ht74kgNPKZVDJImLfBbg",
        "28NuMy+ExHw5fQTixmOoPM",
        "29Jp/p5ZBO4JUsZ0atiB2o",
        "2dR/jM7NpH0Kxjl28p0EPu",
        "30Flt+wsxCVrehED41EIVA",
        "363usbm65HhYAwFLK7TA9p",
        "38vxNdU4BBtqUirkU118qt",
        "3b9SAN8sVLubUO1d4PBQet",
        "3ek05YatVGAI49sd/zVsqa",
        "43aQwOWeRKyKFoqQIYxONP",
        "47qlTTFkNJIa+cacjUI6bh",
        "4aD7fv2LZLBbl0+b/3k5rR",
        "4dbOxTZSJHa6i04f9OR3Wz",
        "4eCWabLAZMearYLzFdwuct",
        "4egDd+CC5ISIaxbk2kdIPD",
        "51mHnBq2pL67D5XOXud4pJ",
        "59ivgmBNVMR6EJa0QggIfs",
        "64jX4UkOtDpq1B3bWdqutn",
        "6a95Q/CHBMLZccJenmPAzu",
        "782/AFtD5HM6+pfGh7RCj1",
        "79Y3Il8bVBSaqrKmzQ1iUn",
        "86T6m6TtBNgIoQ32+Txlme",
        "8avpRSQxVBgL+mvgIH8g0j",
        "8cnituOsFCHLWBXPFX5btM",
        "8f1N4DNiVNwKp7ZC+hNiqR",
        "93LqGq7oVAo68oEDy2GDA7",
        "98EgSKEvVEarAsf5VbaFKl",
        "99deoHnqBC04WMQz07bsgh",
        "9eWII+37FH5JTgqf6PKlf+",
        "a6VApOmkhNiIxa2iZDf+dR",
        "abRBteTClJwqj8SJ2maQtm",
        "abozF0SVdMYJcglcNUl6Wp",
        "b27cR+6p5CurKv/fAaJiPn",
        "b56Dky031MA56PYfnLnf72",
        "b9SXxTFNNNzqAwsMnZGf4N",
        "c2D2S5+3pLILyb52H2dvcb",
        "c2wI1SELdDN4GYctwMyZ8Q",
        "c4Sq+bAfVAF7eqrbmbz8D+",
        "c4tRqrY4lOJZblJTZtMXJK",
        "c5loKV8x1GyLsYRCugUgqr",
        "c7L3QN3DVNE5jAWSJ8hqR9",
        "cfMX6fuCdKmLs2u9w+UT5b",
        "d2eRya6PdMNIlEj6t3EAvF",
        "d340ZGkNJI47F7rUYURXq9",
        "d4IXex9UBH7LOIVg+sUiU7",
        "d4UTCAWotAmLqs1VsKvF7g",
        "dczyfYw/BMEIuDpu+TQ1HI",
        "dfLMLjwjJGTotx/I5Gkl5y",
        "e4l6o2aABAV769MHgs2x7S",
        "e5ewA6Mn1HZItHTL47TE86",
        "e5tIPQArNC9Jdm7jzxhbKK",
        "e5ydSpSyVAwpEqw1GABu1H",
        "e9PF+K+1xBQqR8AOXFiCLs",
        "ecpdLyjvZBwrvm+cedCcQy",
        "ee+Ss7ViBO3q7UEpEFF6tU",
        "efswvnyqtDQIX7Uc5SZr3D",
        "ef+tX0gKhKwa/JZTBXeVEo",
        "f23llHrOhPGYFupK7rWl2O",
        "f5tJTNvmxGU4KnL5abBN07",
        "f6TrWFLV1EyLayh/PFTp6X",
        "fa82toQAZPpZX83sbM3T8f",
        "fflcg1umJDxYPdMSsa51z+"
    ],
    "scenes": {},
    "redirect": [
        "ecpdLyjvZBwrvm+cedCcQy",
        0
    ],
    "deps": [
        "internal"
    ],
    "packs": null,
    "name": "resources",
    "importBase": "import",
    "nativeBase": "native",
    "debug": true,
    "isZip": false,
    "encrypted": false,
    "versions": {
        "import": [
            "01F8PluC9CjYxoV/YByYuI",
            "43357",
            "072i/DIm9Gcr3Q0TA5hQ0A",
            "7be92",
            "0bxCTZA+FGu5hQC2vNHQNv",
            "1957e",
            "0dO4T35JRGVo3vh58e3ARI",
            "a682c",
            "0fFWLGAedNArWj1Q7GH2qA",
            "1e401",
            "0fiRVE5eNE4L2nXby8RXa9",
            "29323",
            "21lFimFcVDIrYD1reEM0aI",
            "ee4b1",
            "24ht74kgNPKZVDJImLfBbg",
            "108a2",
            "28NuMy+ExHw5fQTixmOoPM",
            "08e92",
            "29Jp/p5ZBO4JUsZ0atiB2o",
            "7600d",
            "2dR/jM7NpH0Kxjl28p0EPu",
            "acf3e",
            "30Flt+wsxCVrehED41EIVA",
            "ca645",
            "363usbm65HhYAwFLK7TA9p",
            "0eae5",
            "38vxNdU4BBtqUirkU118qt",
            "7be92",
            "3b9SAN8sVLubUO1d4PBQet",
            "7be92",
            "3ek05YatVGAI49sd/zVsqa",
            "d758b",
            "43aQwOWeRKyKFoqQIYxONP",
            "7be92",
            "47qlTTFkNJIa+cacjUI6bh",
            "f6392",
            "4aD7fv2LZLBbl0+b/3k5rR",
            "67d4e",
            "4dbOxTZSJHa6i04f9OR3Wz",
            "52283",
            "4eCWabLAZMearYLzFdwuct",
            "813bc",
            "4egDd+CC5ISIaxbk2kdIPD",
            "3324c",
            "51mHnBq2pL67D5XOXud4pJ",
            "8f0bf",
            "59ivgmBNVMR6EJa0QggIfs",
            "3491b",
            "64jX4UkOtDpq1B3bWdqutn",
            "b3049",
            "6a95Q/CHBMLZccJenmPAzu",
            "65dbc",
            "782/AFtD5HM6+pfGh7RCj1",
            "7a8ae",
            "79Y3Il8bVBSaqrKmzQ1iUn",
            "1caf6",
            "86T6m6TtBNgIoQ32+Txlme",
            "5cb44",
            "8avpRSQxVBgL+mvgIH8g0j",
            "09232",
            "8cnituOsFCHLWBXPFX5btM",
            "d4733",
            "8f1N4DNiVNwKp7ZC+hNiqR",
            "12742",
            "93LqGq7oVAo68oEDy2GDA7",
            "8a2a1",
            "98EgSKEvVEarAsf5VbaFKl",
            "09ecb",
            "99deoHnqBC04WMQz07bsgh",
            "7be92",
            "9eWII+37FH5JTgqf6PKlf+",
            "2b4fa",
            "a6VApOmkhNiIxa2iZDf+dR",
            "7be92",
            "abRBteTClJwqj8SJ2maQtm",
            "4d104",
            "abozF0SVdMYJcglcNUl6Wp",
            "01766",
            "b27cR+6p5CurKv/fAaJiPn",
            "ebe75",
            "b56Dky031MA56PYfnLnf72",
            "ef3a1",
            "b9SXxTFNNNzqAwsMnZGf4N",
            "af3cb",
            "c2D2S5+3pLILyb52H2dvcb",
            "68c19",
            "c2wI1SELdDN4GYctwMyZ8Q",
            "7edc4",
            "c4Sq+bAfVAF7eqrbmbz8D+",
            "12258",
            "c4tRqrY4lOJZblJTZtMXJK",
            "866c3",
            "c5loKV8x1GyLsYRCugUgqr",
            "4781e",
            "c7L3QN3DVNE5jAWSJ8hqR9",
            "a96d7",
            "cfMX6fuCdKmLs2u9w+UT5b",
            "d6050",
            "d2eRya6PdMNIlEj6t3EAvF",
            "7be92",
            "d340ZGkNJI47F7rUYURXq9",
            "7be92",
            "d4IXex9UBH7LOIVg+sUiU7",
            "4ed12",
            "d4UTCAWotAmLqs1VsKvF7g",
            "5a259",
            "dczyfYw/BMEIuDpu+TQ1HI",
            "4601a",
            "dfLMLjwjJGTotx/I5Gkl5y",
            "3814f",
            "e4l6o2aABAV769MHgs2x7S",
            "39aa7",
            "e5ewA6Mn1HZItHTL47TE86",
            "04360",
            "e5tIPQArNC9Jdm7jzxhbKK",
            "d51b6",
            "e5ydSpSyVAwpEqw1GABu1H",
            "b293b",
            "e9PF+K+1xBQqR8AOXFiCLs",
            "586e3",
            "ee+Ss7ViBO3q7UEpEFF6tU",
            "af017",
            "efswvnyqtDQIX7Uc5SZr3D",
            "907d2",
            "ef+tX0gKhKwa/JZTBXeVEo",
            "41668",
            "f23llHrOhPGYFupK7rWl2O",
            "46b26",
            "f5tJTNvmxGU4KnL5abBN07",
            "24ff5",
            "f6TrWFLV1EyLayh/PFTp6X",
            "4633c",
            "fa82toQAZPpZX83sbM3T8f",
            "a6d42",
            "fflcg1umJDxYPdMSsa51z+",
            "c764a"
        ],
        "native": [
            "072i/DIm9Gcr3Q0TA5hQ0A",
            "9fed3",
            "38vxNdU4BBtqUirkU118qt",
            "f726e",
            "3b9SAN8sVLubUO1d4PBQet",
            "2ac0e",
            "43aQwOWeRKyKFoqQIYxONP",
            "ace8c",
            "99deoHnqBC04WMQz07bsgh",
            "5122f",
            "a6VApOmkhNiIxa2iZDf+dR",
            "3ed04",
            "d2eRya6PdMNIlEj6t3EAvF",
            "e5136",
            "d340ZGkNJI47F7rUYURXq9",
            "55ea4",
            "fa82toQAZPpZX83sbM3T8f",
            "5a22c"
        ]
    }
}