{
    "paths": {
        "11LSNvxEFBiaW+Oa7rVImz": [
            "images/timg",
            "cc.SpriteFrame",
            1
        ],
        "99NY03b8dFs5SqSTPACow9": [
            "images/timg",
            "cc.Texture2D"
        ],
        "8fCmll4vpGRa57crj+hzPB": [
            "prefabs/GameOneModule",
            "cc.Prefab"
        ]
    },
    "uuids": [
        "0dO4T35JRGVo3vh58e3ARI",
        "11LSNvxEFBiaW+Oa7rVImz",
        "7a/QZLET9IDreTiBfRn2PD",
        "8fCmll4vpGRa57crj+hzPB",
        "99NY03b8dFs5SqSTPACow9",
        "e5ydSpSyVAwpEqw1GABu1H",
        "e8Ueib+qJEhL6mXAHdnwbi",
        "ecpdLyjvZBwrvm+cedCcQy",
        "f0BIwQ8D5Ml7nTNQbh1YlS"
    ],
    "scenes": {},
    "redirect": [
        "0dO4T35JRGVo3vh58e3ARI",
        0,
        "7a/QZLET9IDreTiBfRn2PD",
        1,
        "e5ydSpSyVAwpEqw1GABu1H",
        0,
        "ecpdLyjvZBwrvm+cedCcQy",
        1
    ],
    "deps": [
        "resources",
        "internal"
    ],
    "packs": null,
    "name": "gameOne",
    "importBase": "import",
    "nativeBase": "native",
    "debug": true,
    "isZip": false,
    "encrypted": false,
    "versions": {
        "import": [
            "11LSNvxEFBiaW+Oa7rVImz",
            "5bcdc",
            "8fCmll4vpGRa57crj+hzPB",
            "e4434",
            "99NY03b8dFs5SqSTPACow9",
            "a6d42",
            "e8Ueib+qJEhL6mXAHdnwbi",
            "7be92",
            "f0BIwQ8D5Ml7nTNQbh1YlS",
            "04143"
        ],
        "native": [
            "99NY03b8dFs5SqSTPACow9",
            "57017",
            "e8Ueib+qJEhL6mXAHdnwbi",
            "90cf4"
        ]
    }
}