{"paths":{"0":["font",2],"1":["prograssBg",1],"2":["single_color",1],"3":["prograss",1],"4":["uiloading",1],"5":["dlg_content_bg",1],"6":["loading_icon_bg",1],"7":["loading_icon",1],"8":["bg01",1],"9":["music_off",1],"10":["alert_close",1],"11":["tips_bg",1],"12":["login",1],"13":["com_mid_dlg_bg",1],"14":["btn_close",1],"15":["alert_bg",1],"16":["new_small_green",1],"17":["setting_title",1],"18":["prograssBtn",1],"19":["new_select",1],"20":["music_open",1],"21":["btn_back",1],"22":["background",1],"23":["new_select",0,1],"24":["single_color",0,1],"25":["loading_icon",0,1],"26":["com_mid_dlg_bg",0,1],"27":["alert_close",0,1],"28":["uiloading",0,1],"29":["bg01",0,1],"30":["alert_bg",0,1],"31":["new_small_green",0,1],"32":["prograssBtn",0,1],"33":["tips_bg",0,1],"34":["music_open",0,1],"35":["loading_icon_bg",0,1],"36":["prograss",0,1],"37":["dlg_content_bg",0,1],"38":["btn_close",0,1],"39":["login",3],"40":["music_off",0,1],"41":["setting_title",0,1],"42":["prograssBg",0,1],"43":["btn_back",0,1],"44":["background",0,1]},"types":["cc.SpriteFrame","cc.Texture2D","cc.TTFFont","cc.SpriteAtlas"],"uuids":["15hnL2uR5JxKd7B3knXGne","23n8bs0KBMxpByuGcd8Ezs","36i8gz+rNJP5oGkOS3uQHZ","3bY6ngfrtEcKlmvfr1Xea+","3b9SAN8sVLubUO1d4PBQet","3b95kPj5BBr44XzL16gp+0","3cCQz8b6RPMqli1dJq7ALe","426Wo45rlLlpYpRIW1fPFe","4bbzfhTidDoY3eqUQKj44t","59bAoD4atCsrhghHVLTe+/","6bHeF2QctEyqzJBA/Xnr5K","84uQvSn8hBY6uTZJO+B2mg","8aD15aL/hDf6d2itvzY10E","9az8trofJGULhNdJsiwb8H","b31nFlUzFO+YDgS/VPLjua","b7arkJDGtGi6cHaXCkkCqU","baajkO6fBGYLbZhnrJJ7ur","dbySqE7wBDb7iGLDgXk9BO","eaOdhrWa1DAoEraE8uy07d","eeEZv7HcFF3qGZBeZ7ftxb","eeUGOi7VdH/6fpORVdb9cL","f2qeLDU6FLTJCKeYc2GCjp","fa82toQAZPpZX83sbM3T8f","0a/wMNI39AXr+kWZfJEpDp","0bcjnBl6RPcoXdW7qvaEtX","17pZ9AzI5JYof6N66EypJW","1fgtQhj2JEnryQWV4hXBCQ","26CR3sh8pL96Rdp9S87PQh","29Jp/p5ZBO4JUsZ0atiB2o","32LVPUj/NCW4l3BsW2TULE","52775+VChLN4m7ahzs3v/v","66xSKYO2FGMrpHt5zRqam0","68xK5w86pOGbOs0qMlVPEe","6cTt7I7F9MZ5F7Fi6UxxNV","6ejzaXxDJPUoFXQYTcDemc","73Mg1E9xVBrqkFbYRuJsGe","8e8MrK1TVIM6e1c5D35ryt","93ZXlrqNJOv6MfuZj0Zm4l","beN/rXKntNl6N2Cqbueh5d","caqxkXWLBNKb5bpVo/7Hom","d1cs4zOxpFQJd/NzWPwKnh","d4/Z5ykhxO27EfDlV8zexC","de9NHCpzJLyo/erbo5ivUZ","e1ug12odhI1Y09HW9fmbjU","fflcg1umJDxYPdMSsa51z+","1fAa/3dUlCT5e7lWtin5pS","31gQXyz81GcaAOhOkIis2K","3765KIBLFG77k9c9c5g8N8","42iCt7aN5NDLZnnpb4LN6s","59sF5JqetLo4cxPRpEiIgv","62fi29KzpCKIOU4JkPsxKO","70MlyXLPROx4K+SdAVVjVH","72W64x4jhEaqGrho+tggfK","74IknwsdRHL7sYhMO4RJ9E","8cO37Di39AwZC/4PwLLuld","a5b5RJRD5Hppj/tU2W4N1H","bf+mdk4sdOZoHc1ANumPt+"],"scenes":{},"redirect":[],"deps":[],"packs":null,"name":"testBundle","importBase":"import","nativeBase":"native","debug":false,"isZip":false,"encrypted":true,"versions":{"import":[23,"26c1d",24,"ce507",0,"c749c",25,"3dba5",45,"41ec9",26,"b92b7",1,"7871f",27,"edc59",28,"d2c29",46,"a09c3",29,"809eb",2,"7871f",47,"08aa8",3,"7871f",4,"7871f",5,"7871f",6,"7871f",48,"61072",7,"7871f",8,"4b3a3",30,"02424",9,"7871f",49,"6d424",50,"275d3",31,"e3b1e",32,"ff65f",10,"7871f",33,"d7739",34,"79297",51,"0ee00",52,"a578c",35,"cfa52",53,"18440",11,"7871f",12,"7871f",54,"01679",36,"30a19",37,"609c9",13,"7871f",55,"57273",14,"7871f",15,"7871f",16,"7871f",38,"383f3",56,"840cd",39,"2d6bc",40,"a0427",41,"4e265",17,"7871f",42,"a7ee5",43,"b8163",18,"7871f",19,"7871f",20,"7871f",21,"7871f",22,"4b3a3",44,"69b99"],"native":[0,"7a8ae",1,"9f3ab",2,"e5136",3,"3f60f",4,"2ac0e",5,"cee97",6,"a7a4d",7,"c9b8e",8,"d0f9f",9,"36037",10,"498a0",11,"47169",12,"ace8c",13,"e66c3",14,"e41fd",15,"aa954",16,"de6a7",17,"d9efb",18,"a8561",19,"e5da6",20,"98c40",21,"5122f",22,"5a22c"]}}